canonical_id,family,omega_c,omega_q,omega_ns,k,hardness,ncf,cf,p_F,bound,slack,eta_adv,eta_cf,eta_gap
26214,xor-2party,1.0,1.000000000000001,1.0,4,0.0,1.0000000000000009,-8.881784197001252e-16,-8.881784197001252e-16,0.0,-8.881784197001252e-16,0.0,0.0,0.0
26217,xor-2party,0.75,0.8535533905932744,1.0,3,0.25,0.5857864376269055,0.4142135623730945,0.14644660940672583,0.14644660940672638,-5.551115123125783e-16,0.2928932188134533,0.2928929328918457,-2.859216076123161e-07
7595718147998050665,xor-3party,1.0,1.0000000000000016,1.0,8,0.0,1.0000000000000002,-2.220446049250313e-16,-4.440892098500626e-16,0.0,-4.440892098500626e-16,0.0,0.0,0.0
7595718147998050710,xor-3party,0.875,0.8749999999979323,1.0,7,0.125,0.9999918663083265,8.133691673517518e-06,0.1250000000020679,0.12499898328854081,1.0167135270910954e-06,0.0,7.152557373046875e-06,7.152557373046875e-06
7595718147998062230,xor-3party,0.75,0.8535533905932747,1.0,6,0.25,0.5857864413598171,0.41421355864018294,0.14644660940672505,0.14644661033995426,-9.332292161268185e-10,0.29289321881345487,0.336545467376709,0.043652248563254115
7595718148001011305,xor-3party,0.75,0.7500000000000008,1.0,6,0.25,1.0000000000000149,-1.4876988529977098e-14,0.2499999999999999,0.2500000000000037,-3.83026943495679e-15,0.0,0.0,0.0
7595718341274539670,xor-3party,0.75,0.8535533905932744,1.0,6,0.25,0.5857864376269075,0.4142135623730925,0.1464466094067255,0.14644660940672688,-1.3877787807814457e-15,0.292893218813454,0.2928929328918457,-2.859216082784499e-07
5158,general-2party,0.5,0.5445986465406668,0.625,2,0.5,0.6202127630442589,0.3797872369557411,0.4554013534593335,0.31010638152212944,0.1452949719372041,0.1921538415039928,0.2752499580383301,0.08309611653433727
5166,general-2party,0.5,0.5517766952966372,0.625,2,0.5,0.585786437626905,0.41421356237309503,0.44822330470336325,0.2928932188134525,0.15533008588991076,0.292893218813452,0.2928929328918457,-2.859216062800485e-07
5734,general-2party,0.75,0.7822177716243877,0.875,3,0.25,0.6891610174801356,0.3108389825198644,0.21778222837561245,0.1722902543700339,0.045491974005578556,0.09346130161079359,0.23712968826293945,0.14366838665214587
5735,general-2party,0.75,0.7865586223785374,0.875,3,0.25,0.6590188542845844,0.3409811457154156,0.2134413776214631,0.1647547135711461,0.04868666405031699,0.1275781621054971,0.25427675247192383,0.12669859036642672
5817,general-2party,0.75,0.7886751345948136,0.875,3,0.25,0.6528493707437485,0.3471506292562515,0.21132486540518658,0.16321234268593712,0.048112522719249456,0.13397459621556296,0.257692813873291,0.12371821765772806
5821,general-2party,0.75,0.7945986465406671,0.875,3,0.25,0.6202127632578509,0.3797872367421491,0.20540135345933352,0.15505319081446273,0.0503481626448708,0.1921538415039928,0.2752499580383301,0.08309611653433727
7606,general-2party,0.75,0.7945986465406671,0.875,3,0.25,0.620212761797249,0.37978723820275095,0.20540135345933386,0.15505319044931226,0.050348163010021596,0.19215384150399165,0.2752509117126465,0.08309707020865484
7614,general-2party,0.75,0.8017766952966374,0.875,3,0.25,0.5857864376269059,0.41421356237309415,0.19822330470336336,0.14644660940672646,0.05177669529663689,0.29289321881345154,0.2928929328918457,-2.8592160583595927e-07
26217,general-2party,0.75,0.8535533905932744,1.0,3,0.25,0.5857864376269055,0.4142135623730945,0.14644660940672583,0.14644660940672638,-5.551115123125783e-16,0.2928932188134533,0.2928929328918457,-2.859216076123161e-07
