canonical_id,family,omega_c,k,hardness,omega_ns,ns_gap,cf_ns_strategy,omega_q_lower,omega_q_upper,gap,certified,qc_gap,nsq_gap
26214,xor-2party,1.0,4,0.0,1.0,0.0,0.0,1.000000000000001,0.9999999995928773,0.0,True,1.1102230246251565e-15,4.071226689106311e-10
26217,xor-2party,0.75,3,0.25,1.0,0.25,1.0,0.8535533905932742,0.853553389826573,0.0,True,0.10355339059327417,0.14644661017342697
7595718147998050665,xor-3party,1.0,8,0.0,1.0,0.0,0.0,1.0000000000000016,0.999999999003925,0.0,True,1.5543122344752192e-15,9.960750002591112e-10
7595718147998050710,xor-3party,0.875,7,0.125,1.0,0.125,1.0,0.8749999999979323,0.8749999861324405,0.0,True,0.0,0.12500001386755955
7595718147998062230,xor-3party,0.75,6,0.25,1.0,0.25,1.0,0.8535533905932747,0.8535533885967577,0.0,True,0.10355339059327473,0.14644661140324233
7595718148001011305,xor-3party,0.75,6,0.25,1.0,0.25,1.0,0.7500000000000008,0.7499999991313919,0.0,True,7.771561172376096e-16,0.2500000008686081
7595718341274539670,xor-3party,0.75,6,0.25,1.0,0.25,1.0,0.8535533905932744,0.8535533901477884,0.0,True,0.1035533905932744,0.14644660985221158
5158,general-2party,0.5,2,0.5,0.625,0.125,1.0,0.5445986465406668,0.5445986457704276,0.0,True,0.04459864654066681,0.0804013542295724
5166,general-2party,0.5,2,0.5,0.625,0.125,1.0,0.5517766952966372,0.5517766947085038,0.0,True,0.0517766952966372,0.07322330529149623
5734,general-2party,0.75,3,0.25,0.875,0.125,1.0,0.7822177716243877,0.7822177709288074,0.0,True,0.03221777162438766,0.0927822290711926
5735,general-2party,0.75,3,0.25,0.875,0.125,1.0,0.7865586223785374,0.7865586151425993,0.0,True,0.03655862237853735,0.08844138485740072
5817,general-2party,0.75,3,0.25,0.875,0.125,1.0,0.7886751345948136,0.7886751328713602,0.0,True,0.03867513459481364,0.08632486712863985
5821,general-2party,0.75,3,0.25,0.875,0.125,1.0,0.7945986465406671,0.7945986457535481,0.0,True,0.04459864654066714,0.0804013542464519
7606,general-2party,0.75,3,0.25,0.875,0.125,1.0,0.7945986465406671,0.7945986457765806,0.0,True,0.04459864654066714,0.08040135422341943
7614,general-2party,0.75,3,0.25,0.875,0.125,1.0,0.8017766952966374,0.8017766947085062,0.0,True,0.05177669529663742,0.07322330529149379
26217,general-2party,0.75,3,0.25,1.0,0.25,1.0,0.8535533905932744,0.853553389826573,0.0,True,0.1035533905932744,0.14644661017342697
