canonical_id,family,orbit,n_parties,omega_c,k,hardness,omega_ns,ns_gap,cf_ns_strategy
0,general-2party,1,2,0.0,0,1.0,-0.0,-0.0,1.0
1,general-2party,16,2,0.25,1,0.75,0.25,0.0,0.0
3,general-2party,16,2,0.25,1,0.75,0.25,0.0,0.0
6,general-2party,8,2,0.25,1,0.75,0.25,0.0,0.0
7,general-2party,16,2,0.25,1,0.75,0.25,0.0,0.0
15,general-2party,4,2,0.25,1,0.75,0.25,0.0,0.0
17,general-2party,32,2,0.5,2,0.5,0.5,0.0,0.0
19,general-2party,32,2,0.5,2,0.5,0.5,0.0,0.0
20,general-2party,32,2,0.25,1,0.75,0.25,0.0,0.0
21,general-2party,64,2,0.5,2,0.5,0.5,0.0,0.0
22,general-2party,64,2,0.5,2,0.5,0.5,0.0,0.0
23,general-2party,64,2,0.5,2,0.5,0.5,0.0,0.0
28,general-2party,32,2,0.25,1,0.75,0.25,0.0,0.0
29,general-2party,64,2,0.5,2,0.5,0.5,0.0,0.0
31,general-2party,32,2,0.5,2,0.5,0.5,0.0,0.0
51,general-2party,8,2,0.5,2,0.5,0.5,0.0,0.0
53,general-2party,32,2,0.5,2,0.5,0.5,0.0,0.0
54,general-2party,32,2,0.5,2,0.5,0.5,0.0,0.0
55,general-2party,32,2,0.5,2,0.5,0.5,0.0,0.0
60,general-2party,8,2,0.25,1,0.75,0.25,0.0,0.0
61,general-2party,32,2,0.5,2,0.5,0.5,0.0,0.0
63,general-2party,16,2,0.5,2,0.5,0.5,0.0,0.0
85,general-2party,16,2,0.5,2,0.5,0.5,0.0,0.0
86,general-2party,32,2,0.5,2,0.5,0.5,0.0,0.0
87,general-2party,64,2,0.5,2,0.5,0.5,0.0,0.0
95,general-2party,16,2,0.5,2,0.5,0.5,0.0,0.0
102,general-2party,16,2,0.5,2,0.5,0.5,0.0,0.0
103,general-2party,64,2,0.5,2,0.5,0.5,0.0,0.0
111,general-2party,16,2,0.5,2,0.5,0.5,0.0,0.0
119,general-2party,32,2,0.5,2,0.5,0.5,0.0,0.0
125,general-2party,32,2,0.5,2,0.5,0.5,0.0,0.0
127,general-2party,32,2,0.5,2,0.5,0.5,0.0,0.0
255,general-2party,4,2,0.5,2,0.5,0.5,0.0,0.0
272,general-2party,32,2,0.5,2,0.5,0.5,0.0,0.0
273,general-2party,64,2,0.75,3,0.25,0.75,0.0,0.0
274,general-2party,128,2,0.5,2,0.5,0.5,0.0,0.0
275,general-2party,128,2,0.75,3,0.25,0.75,0.0,0.0
278,general-2party,64,2,0.5,2,0.5,0.5,0.0,0.0
279,general-2party,64,2,0.75,3,0.25,0.75,0.0,0.0
280,general-2party,64,2,0.5,2,0.5,0.5,0.0,0.0
281,general-2party,64,2,0.75,3,0.25,0.75,0.0,0.0
282,general-2party,128,2,0.5,2,0.5,0.5,0.0,0.0
283,general-2party,128,2,0.75,3,0.25,0.75,0.0,0.0
286,general-2party,64,2,0.5,2,0.5,0.5,0.0,0.0
287,general-2party,64,2,0.75,3,0.25,0.75,0.0,0.0
304,general-2party,64,2,0.5,2,0.5,0.5,0.0,0.0
305,general-2party,64,2,0.75,3,0.25,0.75,0.0,0.0
306,general-2party,64,2,0.5,2,0.5,0.5,0.0,0.0
307,general-2party,64,2,0.75,3,0.25,0.75,0.0,0.0
308,general-2party,64,2,0.5,2,0.5,0.5,0.0,0.0
309,general-2party,64,2,0.75,3,0.25,0.75,0.0,0.0
310,general-2party,64,2,0.5,2,0.5,0.5,0.0,0.0
311,general-2party,64,2,0.75,3,0.25,0.75,0.0,0.0
312,general-2party,64,2,0.5,2,0.5,0.5,0.0,0.0
313,general-2party,64,2,0.75,3,0.25,0.75,0.0,0.0
314,general-2party,64,2,0.5,2,0.5,0.5,0.0,0.0
315,general-2party,64,2,0.75,3,0.25,0.75,0.0,0.0
316,general-2party,64,2,0.5,2,0.5,0.5,0.0,0.0
317,general-2party,64,2,0.75,3,0.25,0.75,0.0,0.0
318,general-2party,64,2,0.5,2,0.5,0.5,0.0,0.0
319,general-2party,64,2,0.75,3,0.25,0.75,0.0,0.0
337,general-2party,128,2,0.75,3,0.25,0.75,0.0,0.0
338,general-2party,128,2,0.5,2,0.5,0.5,0.0,0.0
339,general-2party,128,2,0.75,3,0.25,0.75,0.0,0.0
341,general-2party,64,2,0.75,3,0.25,0.75,0.0,0.0
342,general-2party,128,2,0.75,3,0.25,0.75,0.0,0.0
343,general-2party,128,2,0.75,3,0.25,0.75,0.0,0.0
346,general-2party,64,2,0.5,2,0.5,0.5,0.0,0.0
347,general-2party,128,2,0.75,3,0.25,0.75,0.0,0.0
351,general-2party,64,2,0.75,3,0.25,0.75,0.0,0.0
352,general-2party,32,2,0.5,2,0.5,0.5,0.0,0.0
353,general-2party,128,2,0.75,3,0.25,0.75,0.0,0.0
354,general-2party,128,2,0.5,2,0.5,0.5,0.0,0.0
355,general-2party,128,2,0.75,3,0.25,0.75,0.0,0.0
357,general-2party,64,2,0.75,3,0.25,0.75,0.0,0.0
358,general-2party,128,2,0.75,3,0.25,0.75,0.0,0.0
359,general-2party,128,2,0.75,3,0.25,0.75,0.0,0.0
362,general-2party,64,2,0.5,2,0.5,0.5,0.0,0.0
363,general-2party,128,2,0.75,3,0.25,0.75,0.0,0.0
367,general-2party,64,2,0.75,3,0.25,0.75,0.0,0.0
368,general-2party,64,2,0.5,2,0.5,0.5,0.0,0.0
369,general-2party,128,2,0.75,3,0.25,0.75,0.0,0.0
370,general-2party,128,2,0.5,2,0.5,0.5,0.0,0.0
371,general-2party,128,2,0.75,3,0.25,0.75,0.0,0.0
372,general-2party,128,2,0.75,3,0.25,0.75,0.0,0.0
373,general-2party,128,2,0.75,3,0.25,0.75,0.0,0.0
374,general-2party,128,2,0.75,3,0.25,0.75,0.0,0.0
375,general-2party,128,2,0.75,3,0.25,0.75,0.0,0.0
376,general-2party,128,2,0.5,2,0.5,0.5,0.0,0.0
377,general-2party,128,2,0.75,3,0.25,0.75,0.0,0.0
378,general-2party,128,2,0.5,2,0.5,0.5,0.0,0.0
379,general-2party,128,2,0.75,3,0.25,0.75,0.0,0.0
380,general-2party,128,2,0.75,3,0.25,0.75,0.0,0.0
381,general-2party,128,2,0.75,3,0.25,0.75,0.0,0.0
382,general-2party,128,2,0.75,3,0.25,0.75,0.0,0.0
383,general-2party,128,2,0.75,3,0.25,0.75,0.0,0.0
496,general-2party,16,2,0.5,2,0.5,0.5,0.0,0.0
497,general-2party,64,2,0.75,3,0.25,0.75,0.0,0.0
498,general-2party,64,2,0.5,2,0.5,0.5,0.0,0.0
499,general-2party,64,2,0.75,3,0.25,0.75,0.0,0.0
501,general-2party,32,2,0.75,3,0.25,0.75,0.0,0.0
502,general-2party,64,2,0.75,3,0.25,0.75,0.0,0.0
503,general-2party,64,2,0.75,3,0.25,0.75,0.0,0.0
506,general-2party,32,2,0.5,2,0.5,0.5,0.0,0.0
507,general-2party,64,2,0.75,3,0.25,0.75,0.0,0.0
511,general-2party,32,2,0.75,3,0.25,0.75,0.0,0.0
816,general-2party,16,2,0.5,2,0.5,0.5,0.0,0.0
817,general-2party,64,2,0.75,3,0.25,0.75,0.0,0.0
819,general-2party,32,2,0.75,3,0.25,0.75,0.0,0.0
820,general-2party,64,2,0.5,2,0.5,0.5,0.0,0.0
821,general-2party,64,2,0.75,3,0.25,0.75,0.0,0.0
822,general-2party,64,2,0.75,3,0.25,0.75,0.0,0.0
823,general-2party,64,2,0.75,3,0.25,0.75,0.0,0.0
828,general-2party,32,2,0.5,2,0.5,0.5,0.0,0.0
829,general-2party,64,2,0.75,3,0.25,0.75,0.0,0.0
831,general-2party,32,2,0.75,3,0.25,0.75,0.0,0.0
848,general-2party,16,2,0.5,2,0.5,0.5,0.0,0.0
849,general-2party,64,2,0.75,3,0.25,0.75,0.0,0.0
851,general-2party,64,2,0.75,3,0.25,0.75,0.0,0.0
854,general-2party,32,2,0.75,3,0.25,0.75,0.0,0.0
855,general-2party,64,2,0.75,3,0.25,0.75,0.0,0.0
863,general-2party,16,2,0.75,3,0.25,0.75,0.0,0.0
864,general-2party,32,2,0.5,2,0.5,0.5,0.0,0.0
865,general-2party,128,2,0.75,3,0.25,0.75,0.0,0.0
867,general-2party,64,2,0.75,3,0.25,0.75,0.0,0.0
869,general-2party,64,2,0.75,3,0.25,0.75,0.0,0.0
870,general-2party,64,2,0.75,3,0.25,0.75,0.0,0.0
871,general-2party,128,2,0.75,3,0.25,0.75,0.0,0.0
879,general-2party,32,2,0.75,3,0.25,0.75,0.0,0.0
880,general-2party,64,2,0.5,2,0.5,0.5,0.0,0.0
881,general-2party,128,2,0.75,3,0.25,0.75,0.0,0.0
883,general-2party,64,2,0.75,3,0.25,0.75,0.0,0.0
884,general-2party,128,2,0.75,3,0.25,0.75,0.0,0.0
885,general-2party,128,2,0.75,3,0.25,0.75,0.0,0.0
886,general-2party,128,2,0.75,3,0.25,0.75,0.0,0.0
887,general-2party,128,2,0.75,3,0.25,0.75,0.0,0.0
892,general-2party,64,2,0.75,3,0.25,0.75,0.0,0.0
893,general-2party,128,2,0.75,3,0.25,0.75,0.0,0.0
895,general-2party,64,2,0.75,3,0.25,0.75,0.0,0.0
1008,general-2party,16,2,0.5,2,0.5,0.5,0.0,0.0
1009,general-2party,64,2,0.75,3,0.25,0.75,0.0,0.0
1011,general-2party,32,2,0.75,3,0.25,0.75,0.0,0.0
1013,general-2party,32,2,0.75,3,0.25,0.75,0.0,0.0
1014,general-2party,32,2,0.75,3,0.25,0.75,0.0,0.0
1015,general-2party,64,2,0.75,3,0.25,0.75,0.0,0.0
1023,general-2party,16,2,0.75,3,0.25,0.75,0.0,0.0
1329,general-2party,16,2,0.75,3,0.25,0.75,0.0,0.0
1330,general-2party,32,2,0.5,2,0.5,0.5,0.0,0.0
1331,general-2party,32,2,0.75,3,0.25,0.75,0.0,0.0
1334,general-2party,16,2,0.5,2,0.5,0.5,0.0,0.0
1335,general-2party,16,2,0.75,3,0.25,0.75,0.0,0.0
1336,general-2party,16,2,0.5,2,0.5,0.5,0.0,0.0
1337,general-2party,16,2,0.75,3,0.25,0.75,0.0,0.0
1338,general-2party,32,2,0.5,2,0.5,0.5,0.0,0.0
1339,general-2party,32,2,0.75,3,0.25,0.75,0.0,0.0
1342,general-2party,16,2,0.5,2,0.5,0.5,0.0,0.0
1343,general-2party,16,2,0.75,3,0.25,0.75,0.0,0.0
1377,general-2party,64,2,0.75,3,0.25,0.75,0.0,0.0
1378,general-2party,64,2,0.5,2,0.5,0.5,0.0,0.0
1379,general-2party,64,2,0.75,3,0.25,0.75,0.0,0.0
1381,general-2party,32,2,0.75,3,0.25,0.75,0.0,0.0
1382,general-2party,64,2,0.75,3,0.25,0.75,0.0,0.0
1383,general-2party,64,2,0.75,3,0.25,0.75,0.0,0.0
1386,general-2party,32,2,0.5,2,0.5,0.5,0.0,0.0
1387,general-2party,64,2,0.75,3,0.25,0.75,0.0,0.0
1391,general-2party,32,2,0.75,3,0.25,0.75,0.0,0.0
1393,general-2party,64,2,0.75,3,0.25,0.75,0.0,0.0
1394,general-2party,64,2,0.5,2,0.5,0.5,0.0,0.0
1395,general-2party,64,2,0.75,3,0.25,0.75,0.0,0.0
1396,general-2party,64,2,0.75,3,0.25,0.75,0.0,0.0
1397,general-2party,64,2,0.75,3,0.25,0.75,0.0,0.0
1398,general-2party,64,2,0.75,3,0.25,0.75,0.0,0.0
1399,general-2party,64,2,0.75,3,0.25,0.75,0.0,0.0
1400,general-2party,64,2,0.5,2,0.5,0.5,0.0,0.0
1401,general-2party,64,2,0.75,3,0.25,0.75,0.0,0.0
1402,general-2party,64,2,0.5,2,0.5,0.5,0.0,0.0
1403,general-2party,64,2,0.75,3,0.25,0.75,0.0,0.0
1404,general-2party,64,2,0.75,3,0.25,0.75,0.0,0.0
1405,general-2party,64,2,0.75,3,0.25,0.75,0.0,0.0
1406,general-2party,64,2,0.75,3,0.25,0.75,0.0,0.0
1407,general-2party,64,2,0.75,3,0.25,0.75,0.0,0.0
1521,general-2party,32,2,0.75,3,0.25,0.75,0.0,0.0
1522,general-2party,32,2,0.5,2,0.5,0.5,0.0,0.0
1523,general-2party,32,2,0.75,3,0.25,0.75,0.0,0.0
1525,general-2party,16,2,0.75,3,0.25,0.75,0.0,0.0
1526,general-2party,32,2,0.75,3,0.25,0.75,0.0,0.0
1527,general-2party,32,2,0.75,3,0.25,0.75,0.0,0.0
1530,general-2party,16,2,0.5,2,0.5,0.5,0.0,0.0
1531,general-2party,32,2,0.75,3,0.25,0.75,0.0,0.0
1535,general-2party,16,2,0.75,3,0.25,0.75,0.0,0.0
1632,general-2party,8,2,0.5,2,0.5,0.5,0.0,0.0
1633,general-2party,64,2,0.75,3,0.25,0.75,0.0,0.0
1635,general-2party,64,2,0.75,3,0.25,0.75,0.0,0.0
1638,general-2party,32,2,0.75,3,0.25,0.75,0.0,1.0
1639,general-2party,64,2,0.75,3,0.25,0.75,0.0,1.0
1647,general-2party,16,2,0.75,3,0.25,0.75,0.0,0.0
1648,general-2party,32,2,0.5,2,0.5,0.5,0.0,0.0
1649,general-2party,128,2,0.75,3,0.25,0.75,0.0,0.0
1651,general-2party,64,2,0.75,3,0.25,0.75,0.0,0.0
1652,general-2party,128,2,0.75,3,0.25,0.75,0.0,0.0
1653,general-2party,128,2,0.75,3,0.25,0.75,0.0,0.0
1654,general-2party,128,2,0.75,3,0.25,0.75,0.0,0.0
1655,general-2party,128,2,0.75,3,0.25,0.75,0.0,0.0
1660,general-2party,64,2,0.75,3,0.25,0.75,0.0,0.0
1661,general-2party,128,2,0.75,3,0.25,0.75,0.0,0.0
1663,general-2party,64,2,0.75,3,0.25,0.75,0.0,0.0
1776,general-2party,8,2,0.5,2,0.5,0.5,0.0,0.0
1777,general-2party,64,2,0.75,3,0.25,0.75,0.0,0.0
1779,general-2party,32,2,0.75,3,0.25,0.75,0.0,0.0
1781,general-2party,32,2,0.75,3,0.25,0.75,0.0,0.0
1782,general-2party,32,2,0.75,3,0.25,0.75,0.0,0.0
1783,general-2party,64,2,0.75,3,0.25,0.75,0.0,0.0
1791,general-2party,16,2,0.75,3,0.25,0.75,0.0,0.0
1904,general-2party,32,2,0.5,2,0.5,0.5,0.0,0.0
1905,general-2party,64,2,0.75,3,0.25,0.75,0.0,0.0
1906,general-2party,128,2,0.75,3,0.25,0.75,0.0,0.0
1907,general-2party,128,2,0.75,3,0.25,0.75,0.0,0.0
1910,general-2party,64,2,0.75,3,0.25,0.75,0.0,0.0
1911,general-2party,64,2,0.75,3,0.25,0.75,0.0,0.0
1912,general-2party,64,2,0.75,3,0.25,0.75,0.0,0.0
1913,general-2party,64,2,0.75,3,0.25,0.75,0.0,0.0
1914,general-2party,128,2,0.75,3,0.25,0.75,0.0,0.0
1915,general-2party,128,2,0.75,3,0.25,0.75,0.0,0.0
1918,general-2party,64,2,0.75,3,0.25,0.75,0.0,0.0
1919,general-2party,64,2,0.75,3,0.25,0.75,0.0,0.0
2032,general-2party,16,2,0.5,2,0.5,0.5,0.0,0.0
2033,general-2party,64,2,0.75,3,0.25,0.75,0.0,0.0
2034,general-2party,64,2,0.75,3,0.25,0.75,0.0,0.0
2035,general-2party,64,2,0.75,3,0.25,0.75,0.0,0.0
2037,general-2party,32,2,0.75,3,0.25,0.75,0.0,0.0
2038,general-2party,64,2,0.75,3,0.25,0.75,0.0,0.0
2039,general-2party,64,2,0.75,3,0.25,0.75,0.0,0.0
2042,general-2party,32,2,0.75,3,0.25,0.75,0.0,0.0
2043,general-2party,64,2,0.75,3,0.25,0.75,0.0,0.0
2047,general-2party,32,2,0.75,3,0.25,0.75,0.0,0.0
4080,general-2party,2,2,0.5,2,0.5,0.5,0.0,0.0
4081,general-2party,16,2,0.75,3,0.25,0.75,0.0,0.0
4083,general-2party,16,2,0.75,3,0.25,0.75,0.0,0.0
4086,general-2party,8,2,0.75,3,0.25,0.75,0.0,0.0
4087,general-2party,16,2,0.75,3,0.25,0.75,0.0,0.0
4095,general-2party,4,2,0.75,3,0.25,0.75,0.0,0.0
4369,general-2party,16,2,1.0,4,0.0,1.0,0.0,0.0
4370,general-2party,64,2,0.75,3,0.25,0.75,0.0,0.0
4371,general-2party,128,2,1.0,4,0.0,1.0,0.0,0.0
4374,general-2party,64,2,0.75,3,0.25,0.75,0.0,0.0
4375,general-2party,64,2,1.0,4,0.0,1.0,0.0,0.0
4376,general-2party,64,2,0.75,3,0.25,0.75,0.0,0.0
4377,general-2party,64,2,1.0,4,0.0,1.0,0.0,0.0
4378,general-2party,128,2,0.75,3,0.25,0.75,0.0,0.0
4379,general-2party,128,2,1.0,4,0.0,1.0,0.0,0.0
4382,general-2party,64,2,0.75,3,0.25,0.75,0.0,0.0
4383,general-2party,64,2,1.0,4,0.0,1.0,0.0,0.0
4386,general-2party,32,2,0.5,2,0.5,0.5,0.0,0.0
4387,general-2party,128,2,0.75,3,0.25,0.75,0.0,0.0
4389,general-2party,128,2,0.75,3,0.25,0.75,0.0,0.0
4390,general-2party,128,2,0.75,3,0.25,0.75,0.0,0.0
4391,general-2party,128,2,0.75,3,0.25,0.75,0.0,0.0
4392,general-2party,64,2,0.5,2,0.5,0.5,0.0,1.0
4393,general-2party,128,2,0.75,3,0.25,0.75,0.0,0.0
4394,general-2party,128,2,0.5,2,0.5,0.5,0.0,0.0
4395,general-2party,128,2,0.75,3,0.25,0.75,0.0,0.0
4396,general-2party,128,2,0.75,3,0.25,0.75,0.0,0.0
4397,general-2party,128,2,0.75,3,0.25,0.75,0.0,0.0
4398,general-2party,128,2,0.75,3,0.25,0.75,0.0,0.0
4399,general-2party,128,2,0.75,3,0.25,0.75,0.0,0.0
4403,general-2party,64,2,1.0,4,0.0,1.0,0.0,0.0
4405,general-2party,128,2,1.0,4,0.0,1.0,0.0,0.0
4406,general-2party,128,2,0.75,3,0.25,0.75,0.0,0.0
4407,general-2party,128,2,1.0,4,0.0,1.0,0.0,0.0
4409,general-2party,128,2,1.0,4,0.0,1.0,0.0,0.0
4410,general-2party,128,2,0.75,3,0.25,0.75,0.0,0.0
4411,general-2party,128,2,1.0,4,0.0,1.0,0.0,0.0
4412,general-2party,64,2,0.75,3,0.25,0.75,0.0,0.0
4413,general-2party,128,2,1.0,4,0.0,1.0,0.0,0.0
4414,general-2party,128,2,0.75,3,0.25,0.75,0.0,0.0
4415,general-2party,128,2,1.0,4,0.0,1.0,0.0,0.0
4437,general-2party,32,2,1.0,4,0.0,1.0,0.0,0.0
4438,general-2party,128,2,1.0,4,0.0,1.0,0.0,0.0
4439,general-2party,128,2,1.0,4,0.0,1.0,0.0,0.0
4442,general-2party,64,2,0.75,3,0.25,0.75,0.0,0.0
4443,general-2party,128,2,1.0,4,0.0,1.0,0.0,0.0
4447,general-2party,64,2,1.0,4,0.0,1.0,0.0,0.0
4454,general-2party,64,2,1.0,4,0.0,1.0,0.0,0.0
4455,general-2party,128,2,1.0,4,0.0,1.0,0.0,0.0
4457,general-2party,64,2,0.75,3,0.25,0.75,0.0,1.0
4458,general-2party,128,2,0.75,3,0.25,0.75,0.0,0.0
4459,general-2party,128,2,0.75,3,0.25,0.75,0.0,0.0
4461,general-2party,128,2,1.0,4,0.0,1.0,0.0,0.0
4462,general-2party,128,2,1.0,4,0.0,1.0,0.0,0.0
4463,general-2party,128,2,1.0,4,0.0,1.0,0.0,0.0
4471,general-2party,64,2,1.0,4,0.0,1.0,0.0,0.0
4474,general-2party,128,2,0.75,3,0.25,0.75,0.0,0.0
4475,general-2party,128,2,1.0,4,0.0,1.0,0.0,0.0
4477,general-2party,64,2,1.0,4,0.0,1.0,0.0,0.0
4478,general-2party,128,2,1.0,4,0.0,1.0,0.0,0.0
4479,general-2party,128,2,1.0,4,0.0,1.0,0.0,0.0
4522,general-2party,32,2,0.5,2,0.5,0.5,0.0,0.0
4523,general-2party,128,2,0.75,3,0.25,0.75,0.0,0.0
4527,general-2party,64,2,0.75,3,0.25,0.75,0.0,0.0
4539,general-2party,64,2,1.0,4,0.0,1.0,0.0,0.0
4542,general-2party,64,2,0.75,3,0.25,0.75,0.0,0.0
4543,general-2party,128,2,1.0,4,0.0,1.0,0.0,0.0
4607,general-2party,32,2,1.0,4,0.0,1.0,0.0,0.0
4899,general-2party,32,2,0.75,3,0.25,0.75,0.0,0.0
4900,general-2party,128,2,0.75,3,0.25,0.75,0.0,0.0
4901,general-2party,128,2,0.75,3,0.25,0.75,0.0,0.0
4902,general-2party,128,2,0.75,3,0.25,0.75,0.0,0.0
4903,general-2party,128,2,0.75,3,0.25,0.75,0.0,0.0
4908,general-2party,64,2,0.75,3,0.25,0.75,0.0,0.0
4909,general-2party,128,2,0.75,3,0.25,0.75,0.0,0.0
4911,general-2party,64,2,0.75,3,0.25,0.75,0.0,0.0
4913,general-2party,64,2,1.0,4,0.0,1.0,0.0,0.0
4915,general-2party,64,2,1.0,4,0.0,1.0,0.0,0.0
4916,general-2party,128,2,0.75,3,0.25,0.75,0.0,0.0
4917,general-2party,128,2,1.0,4,0.0,1.0,0.0,0.0
4918,general-2party,128,2,1.0,4,0.0,1.0,0.0,0.0
4919,general-2party,128,2,1.0,4,0.0,1.0,0.0,0.0
4924,general-2party,64,2,0.75,3,0.25,0.75,0.0,0.0
4925,general-2party,128,2,1.0,4,0.0,1.0,0.0,0.0
4927,general-2party,64,2,1.0,4,0.0,1.0,0.0,0.0
4945,general-2party,64,2,1.0,4,0.0,1.0,0.0,0.0
4947,general-2party,64,2,1.0,4,0.0,1.0,0.0,0.0
4950,general-2party,32,2,1.0,4,0.0,1.0,0.0,0.0
4951,general-2party,64,2,1.0,4,0.0,1.0,0.0,0.0
4959,general-2party,16,2,1.0,4,0.0,1.0,0.0,0.0
4961,general-2party,128,2,0.75,3,0.25,0.75,0.0,0.0
4963,general-2party,64,2,0.75,3,0.25,0.75,0.0,0.0
4964,general-2party,128,2,1.0,4,0.0,1.0,0.0,0.0
4965,general-2party,128,2,1.0,4,0.0,1.0,0.0,0.0
4966,general-2party,128,2,1.0,4,0.0,1.0,0.0,0.0
4967,general-2party,128,2,1.0,4,0.0,1.0,0.0,0.0
4972,general-2party,64,2,1.0,4,0.0,1.0,0.0,0.0
4973,general-2party,128,2,1.0,4,0.0,1.0,0.0,0.0
4975,general-2party,64,2,1.0,4,0.0,1.0,0.0,0.0
4977,general-2party,128,2,1.0,4,0.0,1.0,0.0,0.0
4979,general-2party,64,2,1.0,4,0.0,1.0,0.0,0.0
4980,general-2party,128,2,1.0,4,0.0,1.0,0.0,0.0
4981,general-2party,128,2,1.0,4,0.0,1.0,0.0,0.0
4982,general-2party,128,2,1.0,4,0.0,1.0,0.0,0.0
4983,general-2party,128,2,1.0,4,0.0,1.0,0.0,0.0
4988,general-2party,64,2,1.0,4,0.0,1.0,0.0,0.0
4989,general-2party,128,2,1.0,4,0.0,1.0,0.0,0.0
4991,general-2party,64,2,1.0,4,0.0,1.0,0.0,0.0
5025,general-2party,128,2,0.75,3,0.25,0.75,0.0,0.0
5027,general-2party,64,2,0.75,3,0.25,0.75,0.0,0.0
5029,general-2party,64,2,0.75,3,0.25,0.75,0.0,0.0
5030,general-2party,64,2,0.75,3,0.25,0.75,0.0,0.0
5031,general-2party,128,2,0.75,3,0.25,0.75,0.0,0.0
5039,general-2party,32,2,0.75,3,0.25,0.75,0.0,0.0
5041,general-2party,128,2,1.0,4,0.0,1.0,0.0,0.0
5043,general-2party,64,2,1.0,4,0.0,1.0,0.0,0.0
5044,general-2party,128,2,0.75,3,0.25,0.75,0.0,0.0
5045,general-2party,128,2,1.0,4,0.0,1.0,0.0,0.0
5046,general-2party,128,2,1.0,4,0.0,1.0,0.0,0.0
5047,general-2party,128,2,1.0,4,0.0,1.0,0.0,0.0
5052,general-2party,64,2,0.75,3,0.25,0.75,0.0,0.0
5053,general-2party,128,2,1.0,4,0.0,1.0,0.0,0.0
5055,general-2party,64,2,1.0,4,0.0,1.0,0.0,0.0
5105,general-2party,128,2,1.0,4,0.0,1.0,0.0,0.0
5107,general-2party,64,2,1.0,4,0.0,1.0,0.0,0.0
5109,general-2party,64,2,1.0,4,0.0,1.0,0.0,0.0
5110,general-2party,64,2,1.0,4,0.0,1.0,0.0,0.0
5111,general-2party,128,2,1.0,4,0.0,1.0,0.0,0.0
5119,general-2party,32,2,1.0,4,0.0,1.0,0.0,0.0
5158,general-2party,64,2,0.5,2,0.5,0.625,0.125,1.0
5159,general-2party,64,2,0.75,3,0.25,0.75,0.0,0.0
5160,general-2party,16,2,0.5,2,0.5,0.5,0.0,0.0
5161,general-2party,64,2,0.75,3,0.25,0.75,0.0,0.0
5162,general-2party,128,2,0.5,2,0.5,0.5,0.0,0.0
5163,general-2party,128,2,0.75,3,0.25,0.75,0.0,0.0
5166,general-2party,64,2,0.5,2,0.5,0.625,0.125,1.0
5167,general-2party,64,2,0.75,3,0.25,0.75,0.0,0.0
5171,general-2party,64,2,0.75,3,0.25,0.75,0.0,0.0
5174,general-2party,128,2,0.75,3,0.25,0.75,0.0,0.0
5175,general-2party,128,2,0.75,3,0.25,0.75,0.0,0.0
5177,general-2party,128,2,0.75,3,0.25,0.75,0.0,0.0
5178,general-2party,128,2,0.75,3,0.25,0.75,0.0,0.0
5179,general-2party,128,2,0.75,3,0.25,0.75,0.0,0.0
5180,general-2party,64,2,0.5,2,0.5,0.5,0.0,0.0
5181,general-2party,128,2,0.75,3,0.25,0.75,0.0,0.0
5182,general-2party,128,2,0.75,3,0.25,0.75,0.0,0.0
5183,general-2party,128,2,0.75,3,0.25,0.75,0.0,0.0
5222,general-2party,64,2,0.75,3,0.25,0.75,0.0,0.0
5223,general-2party,128,2,0.75,3,0.25,0.75,0.0,0.0
5225,general-2party,64,2,0.75,3,0.25,0.75,0.0,0.0
5226,general-2party,128,2,0.75,3,0.25,0.75,0.0,0.0
5227,general-2party,128,2,0.75,3,0.25,0.75,0.0,0.0
5229,general-2party,128,2,0.75,3,0.25,0.75,0.0,0.0
5230,general-2party,128,2,0.75,3,0.25,0.75,0.0,0.0
5231,general-2party,128,2,0.75,3,0.25,0.75,0.0,0.0
5239,general-2party,64,2,0.75,3,0.25,0.75,0.0,0.0
5242,general-2party,128,2,0.75,3,0.25,0.75,0.0,0.0
5243,general-2party,128,2,0.75,3,0.25,0.75,0.0,0.0
5245,general-2party,64,2,0.75,3,0.25,0.75,0.0,0.0
5246,general-2party,128,2,0.75,3,0.25,0.75,0.0,0.0
5247,general-2party,128,2,0.75,3,0.25,0.75,0.0,0.0
5290,general-2party,32,2,0.5,2,0.5,0.5,0.0,0.0
5291,general-2party,128,2,0.75,3,0.25,0.75,0.0,0.0
5295,general-2party,64,2,0.75,3,0.25,0.75,0.0,0.0
5307,general-2party,64,2,0.75,3,0.25,0.75,0.0,0.0
5310,general-2party,64,2,0.75,3,0.25,0.75,0.0,0.0
5311,general-2party,128,2,0.75,3,0.25,0.75,0.0,0.0
5375,general-2party,32,2,0.75,3,0.25,0.75,0.0,0.0
5427,general-2party,128,2,1.0,4,0.0,1.0,0.0,0.0
5430,general-2party,64,2,0.75,3,0.25,0.75,0.0,0.0
5431,general-2party,64,2,1.0,4,0.0,1.0,0.0,0.0
5432,general-2party,64,2,0.75,3,0.25,0.75,0.0,0.0
5433,general-2party,64,2,1.0,4,0.0,1.0,0.0,0.0
5434,general-2party,128,2,0.75,3,0.25,0.75,0.0,0.0
5435,general-2party,128,2,1.0,4,0.0,1.0,0.0,0.0
5438,general-2party,64,2,0.75,3,0.25,0.75,0.0,0.0
5439,general-2party,64,2,1.0,4,0.0,1.0,0.0,0.0
5474,general-2party,128,2,0.75,3,0.25,0.75,0.0,0.0
5475,general-2party,128,2,0.75,3,0.25,0.75,0.0,0.0
5477,general-2party,128,2,1.0,4,0.0,1.0,0.0,0.0
5478,general-2party,128,2,1.0,4,0.0,1.0,0.0,0.0
5479,general-2party,128,2,1.0,4,0.0,1.0,0.0,0.0
5480,general-2party,128,2,0.75,3,0.25,0.75,0.0,0.0
5481,general-2party,128,2,0.75,3,0.25,0.75,0.0,0.0
5482,general-2party,128,2,0.75,3,0.25,0.75,0.0,0.0
5483,general-2party,128,2,0.75,3,0.25,0.75,0.0,0.0
5484,general-2party,128,2,1.0,4,0.0,1.0,0.0,0.0
5485,general-2party,128,2,1.0,4,0.0,1.0,0.0,0.0
5486,general-2party,128,2,1.0,4,0.0,1.0,0.0,0.0
5487,general-2party,128,2,1.0,4,0.0,1.0,0.0,0.0
5490,general-2party,128,2,0.75,3,0.25,0.75,0.0,0.0
5491,general-2party,128,2,1.0,4,0.0,1.0,0.0,0.0
5493,general-2party,128,2,1.0,4,0.0,1.0,0.0,0.0
5494,general-2party,128,2,1.0,4,0.0,1.0,0.0,0.0
5495,general-2party,128,2,1.0,4,0.0,1.0,0.0,0.0
5496,general-2party,128,2,0.75,3,0.25,0.75,0.0,0.0
5497,general-2party,128,2,1.0,4,0.0,1.0,0.0,0.0
5498,general-2party,128,2,0.75,3,0.25,0.75,0.0,0.0
5499,general-2party,128,2,1.0,4,0.0,1.0,0.0,0.0
5500,general-2party,128,2,1.0,4,0.0,1.0,0.0,0.0
5501,general-2party,128,2,1.0,4,0.0,1.0,0.0,0.0
5502,general-2party,128,2,1.0,4,0.0,1.0,0.0,0.0
5503,general-2party,128,2,1.0,4,0.0,1.0,0.0,0.0
5538,general-2party,64,2,0.5,2,0.5,0.5,0.0,0.0
5539,general-2party,128,2,0.75,3,0.25,0.75,0.0,0.0
5541,general-2party,64,2,0.75,3,0.25,0.75,0.0,0.0
5542,general-2party,128,2,0.75,3,0.25,0.75,0.0,0.0
5543,general-2party,128,2,0.75,3,0.25,0.75,0.0,0.0
5546,general-2party,64,2,0.5,2,0.5,0.5,0.0,0.0
5547,general-2party,128,2,0.75,3,0.25,0.75,0.0,0.0
5551,general-2party,64,2,0.75,3,0.25,0.75,0.0,0.0
5554,general-2party,128,2,0.75,3,0.25,0.75,0.0,0.0
5555,general-2party,128,2,1.0,4,0.0,1.0,0.0,0.0
5557,general-2party,128,2,1.0,4,0.0,1.0,0.0,0.0
5558,general-2party,128,2,0.75,3,0.25,0.75,0.0,0.0
5559,general-2party,128,2,1.0,4,0.0,1.0,0.0,0.0
5560,general-2party,128,2,0.75,3,0.25,0.75,0.0,0.0
5561,general-2party,128,2,1.0,4,0.0,1.0,0.0,0.0
5562,general-2party,128,2,0.75,3,0.25,0.75,0.0,0.0
5563,general-2party,128,2,1.0,4,0.0,1.0,0.0,0.0
5564,general-2party,128,2,0.75,3,0.25,0.75,0.0,0.0
5565,general-2party,128,2,1.0,4,0.0,1.0,0.0,0.0
5566,general-2party,128,2,0.75,3,0.25,0.75,0.0,0.0
5567,general-2party,128,2,1.0,4,0.0,1.0,0.0,0.0
5618,general-2party,128,2,0.75,3,0.25,0.75,0.0,0.0
5619,general-2party,128,2,1.0,4,0.0,1.0,0.0,0.0
5621,general-2party,64,2,1.0,4,0.0,1.0,0.0,0.0
5622,general-2party,128,2,1.0,4,0.0,1.0,0.0,0.0
5623,general-2party,128,2,1.0,4,0.0,1.0,0.0,0.0
5626,general-2party,64,2,0.75,3,0.25,0.75,0.0,0.0
5627,general-2party,128,2,1.0,4,0.0,1.0,0.0,0.0
5631,general-2party,64,2,1.0,4,0.0,1.0,0.0,0.0
5729,general-2party,32,2,0.75,3,0.25,0.75,0.0,0.0
5730,general-2party,64,2,0.75,3,0.25,0.75,0.0,1.0
5731,general-2party,128,2,0.75,3,0.25,0.75,0.0,0.0
5734,general-2party,64,2,0.75,3,0.25,0.875,0.125,1.0
5735,general-2party,64,2,0.75,3,0.25,0.875,0.125,1.0
5736,general-2party,32,2,1.0,4,0.0,1.0,0.0,0.0
5737,general-2party,64,2,1.0,4,0.0,1.0,0.0,0.0
5738,general-2party,128,2,1.0,4,0.0,1.0,0.0,0.0
5739,general-2party,128,2,1.0,4,0.0,1.0,0.0,0.0
5742,general-2party,64,2,1.0,4,0.0,1.0,0.0,0.0
5743,general-2party,64,2,1.0,4,0.0,1.0,0.0,0.0
5745,general-2party,64,2,0.75,3,0.25,0.75,0.0,0.0
5746,general-2party,64,2,1.0,4,0.0,1.0,0.0,0.0
5747,general-2party,128,2,1.0,4,0.0,1.0,0.0,0.0
5748,general-2party,128,2,0.75,3,0.25,0.75,0.0,0.0
5749,general-2party,128,2,0.75,3,0.25,0.75,0.0,0.0
5750,general-2party,128,2,1.0,4,0.0,1.0,0.0,0.0
5751,general-2party,128,2,1.0,4,0.0,1.0,0.0,0.0
5752,general-2party,128,2,1.0,4,0.0,1.0,0.0,0.0
5753,general-2party,128,2,1.0,4,0.0,1.0,0.0,0.0
5754,general-2party,128,2,1.0,4,0.0,1.0,0.0,0.0
5755,general-2party,128,2,1.0,4,0.0,1.0,0.0,0.0
5756,general-2party,128,2,1.0,4,0.0,1.0,0.0,0.0
5757,general-2party,128,2,1.0,4,0.0,1.0,0.0,0.0
5758,general-2party,128,2,1.0,4,0.0,1.0,0.0,0.0
5759,general-2party,128,2,1.0,4,0.0,1.0,0.0,0.0
5795,general-2party,128,2,0.75,3,0.25,0.75,0.0,0.0
5797,general-2party,64,2,0.75,3,0.25,0.75,0.0,0.0
5798,general-2party,128,2,0.75,3,0.25,0.75,0.0,1.0
5799,general-2party,128,2,0.75,3,0.25,0.75,0.0,1.0
5802,general-2party,64,2,0.75,3,0.25,0.75,0.0,0.0
5803,general-2party,128,2,0.75,3,0.25,0.75,0.0,0.0
5807,general-2party,64,2,0.75,3,0.25,0.75,0.0,0.0
5811,general-2party,128,2,1.0,4,0.0,1.0,0.0,0.0
5812,general-2party,64,2,0.75,3,0.25,0.75,0.0,0.0
5813,general-2party,128,2,0.75,3,0.25,0.75,0.0,0.0
5814,general-2party,128,2,1.0,4,0.0,1.0,0.0,0.0
5815,general-2party,128,2,1.0,4,0.0,1.0,0.0,0.0
5816,general-2party,64,2,0.75,3,0.25,0.75,0.0,0.0
5817,general-2party,128,2,0.75,3,0.25,0.875,0.125,1.0
5818,general-2party,128,2,1.0,4,0.0,1.0,0.0,0.0
5819,general-2party,128,2,1.0,4,0.0,1.0,0.0,0.0
5820,general-2party,128,2,0.75,3,0.25,0.75,0.0,0.0
5821,general-2party,128,2,0.75,3,0.25,0.875,0.125,1.0
5822,general-2party,128,2,1.0,4,0.0,1.0,0.0,0.0
5823,general-2party,128,2,1.0,4,0.0,1.0,0.0,0.0
5873,general-2party,64,2,0.75,3,0.25,0.75,0.0,0.0
5874,general-2party,64,2,1.0,4,0.0,1.0,0.0,0.0
5875,general-2party,128,2,1.0,4,0.0,1.0,0.0,0.0
5877,general-2party,64,2,0.75,3,0.25,0.75,0.0,0.0
5878,general-2party,128,2,1.0,4,0.0,1.0,0.0,0.0
5879,general-2party,128,2,1.0,4,0.0,1.0,0.0,0.0
5882,general-2party,64,2,1.0,4,0.0,1.0,0.0,0.0
5883,general-2party,128,2,1.0,4,0.0,1.0,0.0,0.0
5887,general-2party,64,2,1.0,4,0.0,1.0,0.0,0.0
6001,general-2party,32,2,1.0,4,0.0,1.0,0.0,0.0
6002,general-2party,128,2,1.0,4,0.0,1.0,0.0,0.0
6003,general-2party,128,2,1.0,4,0.0,1.0,0.0,0.0
6006,general-2party,64,2,1.0,4,0.0,1.0,0.0,0.0
6007,general-2party,64,2,1.0,4,0.0,1.0,0.0,0.0
6008,general-2party,64,2,1.0,4,0.0,1.0,0.0,0.0
6009,general-2party,64,2,1.0,4,0.0,1.0,0.0,0.0
6010,general-2party,128,2,1.0,4,0.0,1.0,0.0,0.0
6011,general-2party,128,2,1.0,4,0.0,1.0,0.0,0.0
6014,general-2party,64,2,1.0,4,0.0,1.0,0.0,0.0
6015,general-2party,64,2,1.0,4,0.0,1.0,0.0,0.0
6051,general-2party,128,2,0.75,3,0.25,0.75,0.0,0.0
6053,general-2party,64,2,0.75,3,0.25,0.75,0.0,0.0
6054,general-2party,128,2,0.75,3,0.25,0.75,0.0,0.0
6055,general-2party,128,2,0.75,3,0.25,0.75,0.0,0.0
6058,general-2party,64,2,0.75,3,0.25,0.75,0.0,0.0
6059,general-2party,128,2,0.75,3,0.25,0.75,0.0,0.0
6063,general-2party,64,2,0.75,3,0.25,0.75,0.0,0.0
6066,general-2party,64,2,1.0,4,0.0,1.0,0.0,0.0
6067,general-2party,128,2,1.0,4,0.0,1.0,0.0,0.0
6068,general-2party,64,2,0.75,3,0.25,0.75,0.0,0.0
6069,general-2party,128,2,1.0,4,0.0,1.0,0.0,0.0
6070,general-2party,128,2,1.0,4,0.0,1.0,0.0,0.0
6071,general-2party,128,2,1.0,4,0.0,1.0,0.0,0.0
6072,general-2party,128,2,0.75,3,0.25,0.75,0.0,0.0
6073,general-2party,128,2,1.0,4,0.0,1.0,0.0,0.0
6074,general-2party,128,2,1.0,4,0.0,1.0,0.0,0.0
6075,general-2party,128,2,1.0,4,0.0,1.0,0.0,0.0
6076,general-2party,128,2,0.75,3,0.25,0.75,0.0,0.0
6077,general-2party,128,2,1.0,4,0.0,1.0,0.0,0.0
6078,general-2party,128,2,1.0,4,0.0,1.0,0.0,0.0
6079,general-2party,128,2,1.0,4,0.0,1.0,0.0,0.0
6129,general-2party,64,2,1.0,4,0.0,1.0,0.0,0.0
6130,general-2party,128,2,1.0,4,0.0,1.0,0.0,0.0
6131,general-2party,128,2,1.0,4,0.0,1.0,0.0,0.0
6133,general-2party,64,2,1.0,4,0.0,1.0,0.0,0.0
6134,general-2party,128,2,1.0,4,0.0,1.0,0.0,0.0
6135,general-2party,128,2,1.0,4,0.0,1.0,0.0,0.0
6138,general-2party,64,2,1.0,4,0.0,1.0,0.0,0.0
6139,general-2party,128,2,1.0,4,0.0,1.0,0.0,0.0
6143,general-2party,64,2,1.0,4,0.0,1.0,0.0,0.0
7331,general-2party,64,2,0.75,3,0.25,0.75,0.0,0.0
7334,general-2party,32,2,0.75,3,0.25,0.75,0.0,0.0
7335,general-2party,64,2,0.75,3,0.25,0.75,0.0,0.0
7343,general-2party,16,2,0.75,3,0.25,0.75,0.0,0.0
7347,general-2party,64,2,0.75,3,0.25,0.75,0.0,0.0
7349,general-2party,128,2,0.75,3,0.25,0.75,0.0,0.0
7350,general-2party,128,2,0.75,3,0.25,0.75,0.0,0.0
7351,general-2party,128,2,0.75,3,0.25,0.75,0.0,0.0
7356,general-2party,64,2,0.75,3,0.25,0.75,0.0,0.0
7357,general-2party,128,2,0.75,3,0.25,0.75,0.0,0.0
7359,general-2party,64,2,0.75,3,0.25,0.75,0.0,0.0
7411,general-2party,64,2,0.75,3,0.25,0.75,0.0,0.0
7413,general-2party,64,2,0.75,3,0.25,0.75,0.0,0.0
7414,general-2party,64,2,0.75,3,0.25,0.75,0.0,0.0
7415,general-2party,128,2,0.75,3,0.25,0.75,0.0,0.0
7423,general-2party,32,2,0.75,3,0.25,0.75,0.0,0.0
7603,general-2party,128,2,1.0,4,0.0,1.0,0.0,0.0
7606,general-2party,64,2,0.75,3,0.25,0.875,0.125,1.0
7607,general-2party,64,2,1.0,4,0.0,1.0,0.0,0.0
7608,general-2party,32,2,0.75,3,0.25,0.75,0.0,0.0
7609,general-2party,64,2,1.0,4,0.0,1.0,0.0,0.0
7610,general-2party,128,2,0.75,3,0.25,0.75,0.0,0.0
7611,general-2party,128,2,1.0,4,0.0,1.0,0.0,0.0
7614,general-2party,64,2,0.75,3,0.25,0.875,0.125,1.0
7615,general-2party,64,2,1.0,4,0.0,1.0,0.0,0.0
7666,general-2party,64,2,0.75,3,0.25,0.75,0.0,0.0
7667,general-2party,128,2,1.0,4,0.0,1.0,0.0,0.0
7669,general-2party,64,2,1.0,4,0.0,1.0,0.0,0.0
7670,general-2party,128,2,1.0,4,0.0,1.0,0.0,0.0
7671,general-2party,128,2,1.0,4,0.0,1.0,0.0,0.0
7674,general-2party,64,2,0.75,3,0.25,0.75,0.0,0.0
7675,general-2party,128,2,1.0,4,0.0,1.0,0.0,0.0
7679,general-2party,64,2,1.0,4,0.0,1.0,0.0,0.0
8177,general-2party,32,2,1.0,4,0.0,1.0,0.0,0.0
8179,general-2party,64,2,1.0,4,0.0,1.0,0.0,0.0
8182,general-2party,32,2,1.0,4,0.0,1.0,0.0,0.0
8183,general-2party,64,2,1.0,4,0.0,1.0,0.0,0.0
8191,general-2party,16,2,1.0,4,0.0,1.0,0.0,0.0
13107,general-2party,8,2,1.0,4,0.0,1.0,0.0,0.0
13109,general-2party,64,2,1.0,4,0.0,1.0,0.0,0.0
13110,general-2party,64,2,1.0,4,0.0,1.0,0.0,0.0
13111,general-2party,64,2,1.0,4,0.0,1.0,0.0,0.0
13116,general-2party,16,2,0.75,3,0.25,0.75,0.0,0.0
13117,general-2party,64,2,1.0,4,0.0,1.0,0.0,0.0
13119,general-2party,32,2,1.0,4,0.0,1.0,0.0,0.0
13141,general-2party,32,2,1.0,4,0.0,1.0,0.0,0.0
13142,general-2party,64,2,1.0,4,0.0,1.0,0.0,0.0
13143,general-2party,128,2,1.0,4,0.0,1.0,0.0,0.0
13151,general-2party,32,2,1.0,4,0.0,1.0,0.0,0.0
13158,general-2party,32,2,1.0,4,0.0,1.0,0.0,0.0
13159,general-2party,128,2,1.0,4,0.0,1.0,0.0,0.0
13167,general-2party,32,2,1.0,4,0.0,1.0,0.0,0.0
13175,general-2party,64,2,1.0,4,0.0,1.0,0.0,0.0
13181,general-2party,64,2,1.0,4,0.0,1.0,0.0,0.0
13183,general-2party,64,2,1.0,4,0.0,1.0,0.0,0.0
13311,general-2party,8,2,1.0,4,0.0,1.0,0.0,0.0
13622,general-2party,64,2,0.75,3,0.25,0.75,0.0,0.0
13623,general-2party,64,2,1.0,4,0.0,1.0,0.0,0.0
13625,general-2party,64,2,1.0,4,0.0,1.0,0.0,0.0
13626,general-2party,32,2,0.75,3,0.25,0.75,0.0,0.0
13627,general-2party,64,2,1.0,4,0.0,1.0,0.0,0.0
13628,general-2party,64,2,0.75,3,0.25,0.75,0.0,0.0
13629,general-2party,64,2,1.0,4,0.0,1.0,0.0,0.0
13630,general-2party,64,2,0.75,3,0.25,0.75,0.0,0.0
13631,general-2party,64,2,1.0,4,0.0,1.0,0.0,0.0
13651,general-2party,32,2,1.0,4,0.0,1.0,0.0,0.0
13654,general-2party,128,2,1.0,4,0.0,1.0,0.0,0.0
13655,general-2party,128,2,1.0,4,0.0,1.0,0.0,0.0
13659,general-2party,128,2,1.0,4,0.0,1.0,0.0,0.0
13663,general-2party,64,2,1.0,4,0.0,1.0,0.0,0.0
13670,general-2party,128,2,1.0,4,0.0,1.0,0.0,0.0
13671,general-2party,128,2,1.0,4,0.0,1.0,0.0,0.0
13674,general-2party,64,2,0.75,3,0.25,0.75,0.0,0.0
13675,general-2party,128,2,1.0,4,0.0,1.0,0.0,0.0
13679,general-2party,64,2,1.0,4,0.0,1.0,0.0,0.0
13686,general-2party,128,2,1.0,4,0.0,1.0,0.0,0.0
13687,general-2party,128,2,1.0,4,0.0,1.0,0.0,0.0
13689,general-2party,128,2,1.0,4,0.0,1.0,0.0,0.0
13690,general-2party,128,2,0.75,3,0.25,0.75,0.0,0.0
13691,general-2party,128,2,1.0,4,0.0,1.0,0.0,0.0
13693,general-2party,128,2,1.0,4,0.0,1.0,0.0,0.0
13694,general-2party,128,2,1.0,4,0.0,1.0,0.0,0.0
13695,general-2party,128,2,1.0,4,0.0,1.0,0.0,0.0
13814,general-2party,64,2,1.0,4,0.0,1.0,0.0,0.0
13815,general-2party,64,2,1.0,4,0.0,1.0,0.0,0.0
13818,general-2party,32,2,0.75,3,0.25,0.75,0.0,0.0
13819,general-2party,64,2,1.0,4,0.0,1.0,0.0,0.0
13823,general-2party,32,2,1.0,4,0.0,1.0,0.0,0.0
13878,general-2party,32,2,1.0,4,0.0,1.0,0.0,0.0
13879,general-2party,64,2,1.0,4,0.0,1.0,0.0,0.0
13881,general-2party,32,2,0.75,3,0.25,0.75,0.0,0.0
13883,general-2party,64,2,1.0,4,0.0,1.0,0.0,0.0
13884,general-2party,64,2,0.75,3,0.25,0.75,0.0,0.0
13885,general-2party,64,2,0.75,3,0.25,0.75,0.0,0.0
13886,general-2party,64,2,1.0,4,0.0,1.0,0.0,0.0
13887,general-2party,64,2,1.0,4,0.0,1.0,0.0,0.0
13923,general-2party,64,2,1.0,4,0.0,1.0,0.0,0.0
13925,general-2party,32,2,0.75,3,0.25,0.75,0.0,0.0
13926,general-2party,128,2,1.0,4,0.0,1.0,0.0,0.0
13927,general-2party,128,2,1.0,4,0.0,1.0,0.0,0.0
13930,general-2party,32,2,1.0,4,0.0,1.0,0.0,0.0
13931,general-2party,128,2,1.0,4,0.0,1.0,0.0,0.0
13935,general-2party,64,2,1.0,4,0.0,1.0,0.0,0.0
13939,general-2party,128,2,1.0,4,0.0,1.0,0.0,0.0
13941,general-2party,64,2,0.75,3,0.25,0.75,0.0,0.0
13942,general-2party,128,2,1.0,4,0.0,1.0,0.0,0.0
13943,general-2party,128,2,1.0,4,0.0,1.0,0.0,0.0
13945,general-2party,128,2,1.0,4,0.0,1.0,0.0,0.0
13946,general-2party,64,2,1.0,4,0.0,1.0,0.0,0.0
13947,general-2party,128,2,1.0,4,0.0,1.0,0.0,0.0
13948,general-2party,128,2,1.0,4,0.0,1.0,0.0,0.0
13949,general-2party,128,2,1.0,4,0.0,1.0,0.0,0.0
13950,general-2party,128,2,1.0,4,0.0,1.0,0.0,0.0
13951,general-2party,128,2,1.0,4,0.0,1.0,0.0,0.0
14067,general-2party,64,2,1.0,4,0.0,1.0,0.0,0.0
14069,general-2party,16,2,0.75,3,0.25,0.75,0.0,0.0
14070,general-2party,64,2,1.0,4,0.0,1.0,0.0,0.0
14071,general-2party,64,2,1.0,4,0.0,1.0,0.0,0.0
14074,general-2party,16,2,1.0,4,0.0,1.0,0.0,0.0
14075,general-2party,64,2,1.0,4,0.0,1.0,0.0,0.0
14079,general-2party,32,2,1.0,4,0.0,1.0,0.0,0.0
14135,general-2party,32,2,1.0,4,0.0,1.0,0.0,0.0
14139,general-2party,32,2,1.0,4,0.0,1.0,0.0,0.0
14140,general-2party,64,2,0.75,3,0.25,0.75,0.0,0.0
14141,general-2party,64,2,1.0,4,0.0,1.0,0.0,0.0
14142,general-2party,64,2,1.0,4,0.0,1.0,0.0,0.0
14143,general-2party,64,2,1.0,4,0.0,1.0,0.0,0.0
14181,general-2party,32,2,1.0,4,0.0,1.0,0.0,0.0
14182,general-2party,128,2,1.0,4,0.0,1.0,0.0,0.0
14183,general-2party,128,2,1.0,4,0.0,1.0,0.0,0.0
14186,general-2party,64,2,1.0,4,0.0,1.0,0.0,0.0
14187,general-2party,128,2,1.0,4,0.0,1.0,0.0,0.0
14191,general-2party,64,2,1.0,4,0.0,1.0,0.0,0.0
14195,general-2party,64,2,1.0,4,0.0,1.0,0.0,0.0
14197,general-2party,64,2,1.0,4,0.0,1.0,0.0,0.0
14198,general-2party,128,2,1.0,4,0.0,1.0,0.0,0.0
14199,general-2party,128,2,1.0,4,0.0,1.0,0.0,0.0
14201,general-2party,128,2,1.0,4,0.0,1.0,0.0,0.0
14202,general-2party,128,2,1.0,4,0.0,1.0,0.0,0.0
14203,general-2party,128,2,1.0,4,0.0,1.0,0.0,0.0
14204,general-2party,128,2,1.0,4,0.0,1.0,0.0,0.0
14205,general-2party,128,2,1.0,4,0.0,1.0,0.0,0.0
14206,general-2party,128,2,1.0,4,0.0,1.0,0.0,0.0
14207,general-2party,128,2,1.0,4,0.0,1.0,0.0,0.0
14323,general-2party,64,2,1.0,4,0.0,1.0,0.0,0.0
14325,general-2party,16,2,1.0,4,0.0,1.0,0.0,0.0
14326,general-2party,64,2,1.0,4,0.0,1.0,0.0,0.0
14327,general-2party,64,2,1.0,4,0.0,1.0,0.0,0.0
14330,general-2party,32,2,1.0,4,0.0,1.0,0.0,0.0
14331,general-2party,64,2,1.0,4,0.0,1.0,0.0,0.0
14335,general-2party,32,2,1.0,4,0.0,1.0,0.0,0.0
15420,general-2party,8,2,0.5,2,0.5,0.5,0.0,0.0
15421,general-2party,64,2,0.75,3,0.25,0.75,0.0,0.0
15423,general-2party,32,2,0.75,3,0.25,0.75,0.0,0.0
15462,general-2party,32,2,0.75,3,0.25,0.75,0.0,0.0
15463,general-2party,128,2,0.75,3,0.25,0.75,0.0,0.0
15471,general-2party,32,2,0.75,3,0.25,0.75,0.0,0.0
15479,general-2party,64,2,0.75,3,0.25,0.75,0.0,0.0
15485,general-2party,64,2,0.75,3,0.25,0.75,0.0,0.0
15487,general-2party,64,2,0.75,3,0.25,0.75,0.0,0.0
15615,general-2party,8,2,0.75,3,0.25,0.75,0.0,0.0
15677,general-2party,32,2,1.0,4,0.0,1.0,0.0,0.0
15678,general-2party,32,2,0.75,3,0.25,0.75,0.0,0.0
15679,general-2party,64,2,1.0,4,0.0,1.0,0.0,0.0
15718,general-2party,128,2,1.0,4,0.0,1.0,0.0,0.0
15719,general-2party,128,2,1.0,4,0.0,1.0,0.0,0.0
15722,general-2party,32,2,0.75,3,0.25,0.75,0.0,0.0
15723,general-2party,128,2,1.0,4,0.0,1.0,0.0,0.0
15727,general-2party,64,2,1.0,4,0.0,1.0,0.0,0.0
15734,general-2party,128,2,1.0,4,0.0,1.0,0.0,0.0
15735,general-2party,128,2,1.0,4,0.0,1.0,0.0,0.0
15737,general-2party,128,2,1.0,4,0.0,1.0,0.0,0.0
15738,general-2party,64,2,0.75,3,0.25,0.75,0.0,0.0
15739,general-2party,128,2,1.0,4,0.0,1.0,0.0,0.0
15740,general-2party,64,2,1.0,4,0.0,1.0,0.0,0.0
15741,general-2party,128,2,1.0,4,0.0,1.0,0.0,0.0
15742,general-2party,128,2,1.0,4,0.0,1.0,0.0,0.0
15743,general-2party,128,2,1.0,4,0.0,1.0,0.0,0.0
15859,general-2party,64,2,1.0,4,0.0,1.0,0.0,0.0
15862,general-2party,64,2,1.0,4,0.0,1.0,0.0,0.0
15863,general-2party,64,2,1.0,4,0.0,1.0,0.0,0.0
15866,general-2party,16,2,0.75,3,0.25,0.75,0.0,0.0
15867,general-2party,64,2,1.0,4,0.0,1.0,0.0,0.0
15871,general-2party,32,2,1.0,4,0.0,1.0,0.0,0.0
16191,general-2party,16,2,1.0,4,0.0,1.0,0.0,0.0
16229,general-2party,32,2,1.0,4,0.0,1.0,0.0,0.0
16230,general-2party,64,2,1.0,4,0.0,1.0,0.0,0.0
16231,general-2party,128,2,1.0,4,0.0,1.0,0.0,0.0
16239,general-2party,32,2,1.0,4,0.0,1.0,0.0,0.0
16245,general-2party,64,2,1.0,4,0.0,1.0,0.0,0.0
16246,general-2party,128,2,1.0,4,0.0,1.0,0.0,0.0
16247,general-2party,128,2,1.0,4,0.0,1.0,0.0,0.0
16253,general-2party,128,2,1.0,4,0.0,1.0,0.0,0.0
16255,general-2party,64,2,1.0,4,0.0,1.0,0.0,0.0
16371,general-2party,16,2,1.0,4,0.0,1.0,0.0,0.0
16373,general-2party,16,2,1.0,4,0.0,1.0,0.0,0.0
16374,general-2party,32,2,1.0,4,0.0,1.0,0.0,0.0
16375,general-2party,64,2,1.0,4,0.0,1.0,0.0,0.0
16383,general-2party,16,2,1.0,4,0.0,1.0,0.0,0.0
26214,general-2party,8,2,1.0,4,0.0,1.0,0.0,0.0
26215,general-2party,64,2,1.0,4,0.0,1.0,0.0,0.0
26217,general-2party,8,2,0.75,3,0.25,1.0,0.25,1.0
26219,general-2party,64,2,1.0,4,0.0,1.0,0.0,0.0
26223,general-2party,32,2,1.0,4,0.0,1.0,0.0,1.0
26231,general-2party,64,2,1.0,4,0.0,1.0,0.0,0.0
26235,general-2party,64,2,1.0,4,0.0,1.0,0.0,1.0
26237,general-2party,64,2,1.0,4,0.0,1.0,0.0,1.0
26238,general-2party,64,2,1.0,4,0.0,1.0,0.0,0.0
26239,general-2party,128,2,1.0,4,0.0,1.0,0.0,1.0
26367,general-2party,16,2,1.0,4,0.0,1.0,0.0,0.0
26486,general-2party,32,2,1.0,4,0.0,1.0,0.0,0.0
26487,general-2party,64,2,1.0,4,0.0,1.0,0.0,0.0
26489,general-2party,64,2,1.0,4,0.0,1.0,0.0,1.0
26491,general-2party,128,2,1.0,4,0.0,1.0,0.0,1.0
26494,general-2party,64,2,1.0,4,0.0,1.0,0.0,0.0
26495,general-2party,64,2,1.0,4,0.0,1.0,0.0,0.0
26551,general-2party,64,2,1.0,4,0.0,1.0,0.0,0.0
26553,general-2party,32,2,1.0,4,0.0,1.0,0.0,0.0
26555,general-2party,128,2,1.0,4,0.0,1.0,0.0,0.0
26558,general-2party,64,2,1.0,4,0.0,1.0,0.0,0.0
26559,general-2party,64,2,1.0,4,0.0,1.0,0.0,0.0
26614,general-2party,64,2,1.0,4,0.0,1.0,0.0,0.0
26615,general-2party,128,2,1.0,4,0.0,1.0,0.0,0.0
26619,general-2party,128,2,1.0,4,0.0,1.0,0.0,0.0
26623,general-2party,64,2,1.0,4,0.0,1.0,0.0,0.0
28662,general-2party,8,2,1.0,4,0.0,1.0,0.0,0.0
28663,general-2party,32,2,1.0,4,0.0,1.0,0.0,0.0
28671,general-2party,8,2,1.0,4,0.0,1.0,0.0,0.0
30583,general-2party,16,2,1.0,4,0.0,1.0,0.0,0.0
30587,general-2party,64,2,1.0,4,0.0,1.0,0.0,0.0
30590,general-2party,64,2,1.0,4,0.0,1.0,0.0,0.0
30591,general-2party,64,2,1.0,4,0.0,1.0,0.0,0.0
30651,general-2party,32,2,1.0,4,0.0,1.0,0.0,0.0
30654,general-2party,64,2,1.0,4,0.0,1.0,0.0,0.0
30655,general-2party,128,2,1.0,4,0.0,1.0,0.0,0.0
30719,general-2party,32,2,1.0,4,0.0,1.0,0.0,0.0
32190,general-2party,16,2,1.0,4,0.0,1.0,0.0,0.0
32191,general-2party,64,2,1.0,4,0.0,1.0,0.0,0.0
32255,general-2party,32,2,1.0,4,0.0,1.0,0.0,0.0
32759,general-2party,32,2,1.0,4,0.0,1.0,0.0,0.0
32767,general-2party,16,2,1.0,4,0.0,1.0,0.0,0.0
65535,general-2party,1,2,1.0,4,0.0,1.0,0.0,0.0
