canonical_id,family,omega_c,omega_q,omega_ns,cf_located_optimum,cf_floor,excess,on_floor,degenerate
26214,xor-2party,1.0,1.000000000000001,1.0,-8.881784197001252e-16,0.0,-8.881784197001252e-16,True,True
26217,xor-2party,0.75,0.8535533905932744,1.0,0.4142135623730945,0.4142135623730976,-3.1086244689504383e-15,True,False
7595718147998050665,xor-3party,1.0,1.0000000000000016,1.0,-2.220446049250313e-16,0.0,-2.220446049250313e-16,True,True
7595718147998050710,xor-3party,0.875,0.8749999999979323,1.0,8.133691673517518e-06,0.0,8.133691673517518e-06,True,False
7595718147998062230,xor-3party,0.75,0.8535533905932747,1.0,0.41421355864018294,0.4142135623730989,-3.732915976328854e-09,True,False
7595718148001011305,xor-3party,0.75,0.7500000000000008,1.0,-1.4876988529977098e-14,3.1086244689504383e-15,-1.7985612998927536e-14,True,False
7595718341274539670,xor-3party,0.75,0.8535533905932744,1.0,0.4142135623730925,0.4142135623730976,-5.10702591327572e-15,True,False
5158,general-2party,0.5,0.5445986465406668,0.625,0.3797872369557411,0.35678917232533447,0.022998064630406656,False,False
5166,general-2party,0.5,0.5517766952966372,0.625,0.41421356237309503,0.4142135623730976,-2.55351295663786e-15,True,False
5734,general-2party,0.75,0.7822177716243877,0.875,0.3108389825198644,0.25774217299510127,0.053096809524763144,False,False
5735,general-2party,0.75,0.7865586223785374,0.875,0.3409811457154156,0.2924689790282988,0.048512166687116776,False,False
5817,general-2party,0.75,0.7886751345948136,0.875,0.3471506292562515,0.30940107675850914,0.03774955249774237,False,False
5821,general-2party,0.75,0.7945986465406671,0.875,0.3797872367421491,0.35678917232533713,0.02299806441681196,False,False
7606,general-2party,0.75,0.7945986465406671,0.875,0.37978723820275095,0.35678917232533713,0.02299806587741382,False,False
7614,general-2party,0.75,0.8017766952966374,0.875,0.41421356237309415,0.41421356237309936,-5.218048215738236e-15,True,False
26217,general-2party,0.75,0.8535533905932744,1.0,0.4142135623730945,0.4142135623730976,-3.1086244689504383e-15,True,False
